Title,Year,Rating,Imdb,Time,Location
 Lola versus,2012,,5.5,1:27,Box
10 orsaker att hata dig,1999,7,7.4,1:37,
12 fördömda män,1967,,7.7,2:30,Spider
"13,",2010,5,6.1,1:31,Coffin
"1408,",2007,5,6.8,1:44,Coffin
15 Minutes,2001,6,6.1,2:00,Drawer H
16 Blocks,2006,7,6.6,1:42,Drawer H
2 Days in New York,2012,10,6,1:36,Drawer
2 Days in Paris,2007,9,6.7,1:36,Drawer
2 days in the valley,1996,5,6.5,1:44,Coffin
2 Guns,2013,,6.7,1:49,Box
21 Grams,2003,10,7.6,2:04,Shelf
"21,",2008,7,6.8,2:03,Coffin 
22 Bullets,2010,,6.7,1:57,Coffin
25th hour,2002,7,7.6,2:15,Spider
28 days later,2002,8,7.5,1:53,Drawer H
"300,",2006,6,7.6,1:57,Box
4.3.2.1.,2010,,5.8,1:57,Box
40 days and 40 nights,2002,5,5.6,1:36,
40 year old virgin,2005,7,7.1,1:56,Spider
40 Year-old virgin,2005,7,7.1,1:56,
45 R.P.M,2008,5,6.1,1:31,Coffin
50 shades of Grey,2015,5,4.2,2:05,Drawer
50/50,2011,7,7.6,1:40,drawer H
8 Mile,2002,7,7.2,1:50,Drawer
A dark truth,2012,7,5.6,1:46,Drawer H
A fork in the road,2010,,5.9,1:45,Box
A glimpse inside the mind of Charlie Swan III,2012,,4.6,1:26,Box
A good woman,2004,,6.4,1:33,Box
A guide to recognizing your saints,2006,5,6.9,1:40,
A History of Violence,2005,8,7.4,1:36,
A Knights Tale,2001,6,6.9,2:12,
A long way down ,2014,6,6.3,1:36,Drawer H
A lot like love,2005,6,6.6,1:47,
A love song for Bobby Long,2004,10,7.1,1:59,Shelf
A night at the Roxbury,1998,5,6.2,1:22,
A praire home companion,2006,5,6.7,1:45,Coffin
A Prophet,2009,,7.8,2:35,Box
A singel man,2009,,7.5,1:39,Box
A threevening with Kevin Smith,2008,10,7.9,2:02,Coffin
About Schmidt,2002,,7.2,2:05,Box
Accidental Love,2015,,4.1,1:40,Box
Ace Ventura,1994,7,6.9,1:26,Spider
Across the line,2015,,5.4,1:27,Box
AE Fond Kiss,2004,6,7.1,1:44,Drawer
Affair,2010,,4.3,1:15,Box
After the sunset,2004,6,6.2,1:37,
Against the current,2009,6,6.1,1:38,Drawer
Against the ropes,2004,6,5.3,1:51,
Alexander,2004,,5.6,2:55,Spider
Alfie,2004,7,6.2,1:43,Coffin
Ali,2001,,6.7,2:37,
Alien 1,1979,8,8.4,1:57,Spider
Alien 2,1986,8,8.3,2:17,Spider
Alien 3,1992,6,6.4,1:54,Spider
Alien 4,1997,,6.2,1:49,Spider
Alla kungens män,2006,,6.1,2:18,
Allt för henne,2008,,7.1,1:36,Box
Allt har ett pris (Silent Cry),2002,,4.9,1:25,
Almost Famous,2000,8,7.9,2:02,
Almost Friends,2013,7,5.6,1:47,Drawer
Amelie från Montmartre,2001,9,8.3,2:02,Shelf
American Beauty,1999,8,8.3,2:02,
American Gangster,2007,7,7.8,2:37,
American Heist,2014,7,5,1:34,Drawer H
American Hustle,2013,7,7.3,2:18,Shelf
American Made,2017,7,7.1,1:55,
American Pastoral,2016,7,6.1,1:48,Coffin
American Pie: Reunion,2012,6,6.7,1:53,Drawer H
American Violet,2008,,7,1:43,Coffin
An American Crime,2007,,7.2,1:38,Box
An Early Frost,1985,,8,1:35,Drawer
An Education,2009,7,7.3,1:40,Drawer
An evening with Kevin Smith,2002,10,8.3,3:44,Coffin
An evening with Kevin Smith 2,2006,10,7.8,3:59,Coffin
An officer and a gentleman,1982,,7.1,2:04,Box
Anchorman,2004,6,7.1,1:34,
Anchorman 2,2013,6,6.3,1:59,Drawer H
Anger Management ,2003,6,6.2,1:46,Drawer
Animal Factory,2000,7,6.6,1:34,
Animal Kingdom,2010,8,7.2,1:53,Drawer H
Another Happy Day,2011,8,6,1:59,Drawer H
Any which way you can,1980,,6.1,1:56,Box
Anything Else,2003,7,6.3,1:48,Coffin
Apolcalypse Now Redux,1979,8,8.4,2:27,spider
Appaloosa,2008,,6.7,1:55,Box
Arlington Road,1999,8,7.2,1:57,
Around the bend,2004,,6.4,1:25,Box
Arrival,2016,7,7.9,1:56,Shelf
Art school confidential,2006,7,6.3,1:42,Drawer H
As cool as I am,2013,6,5.8,1:32,Drawer
As good as it gets ,1997,9,7.7,2:19,Box
Ask the dust,2006,,5.7,1:57,Drawer
Assault on precinct 13,2005,7,6.3,1:49,Drawer H
Auggie Rose,2000,,6.3,1:49,Box
Babel,2006,7,7.5,2:23,
Baby Cart at the River Styx,1972,,7.9,1:21,
Baby Cart in Peril,1972,,7.5,1.21,
Baby Cart to Hades,1972,,7.5,1:29,
Baby on board,2009,5,4.2,1:35,
Bad Boys,1983,8,7.2,2:03,Drawer H
Bad Boys II,2003,,6.6,2:27,
Bad Company,2002,,5.6,1:56,Box
Bad day to go fishing,2009,,6.9,1:50,Box
Bad Education,2004,,7.4,1:46,Box
Bad Lieutenant Port of New Orleans,2009,3,6.6,2:02,Coffin
Bad Moms,2016,7,6.2,1:40,Drawer H
Bad Neighbours,2014,6,6.3,1:37,Drawer H
Bad Taste,1987,,6.5,1:31,Coffin
Bad teacher,2011,5,5.7,1:32,Drawer H
Baise Moi,2000,,4.5,1:17,Box
Bandslam,2009,,6.3,1:51,Box
Barney's version,2010,8,7.3,2:14,Drawer H
Batman Begins,2005,6,8.2,2:20,Spider
Battle in Seattle,2007,6,6.6,1:38,Drawer
Be Cool,2005,5,5.6,1:59,
Be Kind Rewind,2008,6,6.4,1:42,
Beautiful Boy,2018,,7.4,2:00,Drawer
Beautiful Girls,1996,10,7.1,1:52,Shelf
Beeing Julia,2004,,7,1:44,Drawer
Beer Wars,2009,7,6.8,1:29,
Being Flynn,2012,7,6.4,1:42,Drawer
Benjamin Buttons,2008,,7.8,2:46,
Best Laid Plans,2012,7,6.3,1:48,
Beverly Hills Cop III,1994,,5.5,1:44,Box
Beyond Borders,2003,7,6.4,2:07,
Bickford Shmecklers cool ideas,2006,,5.6,1:20,Box
Big Fish,2003,7,8,2:05,Spider
Big Miracle,2012,,6.5,1:47,Box
Bigga than Ben,2008,6,6.2,1:22,Drawer
Billy Lynn´s Long halftime walk,2016,8,6.2,1:53,Drawer
Birth,2004,7,6.3,1:40,Drawer H
Birthday Girl,2001,7,6,1.33,Drawer H
Black Hawk Down,2001,,7.7,2:24,Drawer
Black Mass,2015,8,6.9,2:03,Drawer
Black snake moan,2006,7,6.9,1:56,Drawer H
Blade 1,1998,2,7.1,2:00,Spider
Blade 2,2002,2,6.7,1:57,Spider
Blade 2,2002,2,6.7,1:57,Coffin
Blade 3,2004,2,5.8,1:53,Spider
Blade Runner,1982,7,8.1,1:57,Spider
Blades of Glory,2007,6,6.3,1:33,Coffin
Blåst på 10 sekunder (Bodywork),2001,,5.4,1:32,Box
Bleed for this,2016,7,6.8,1:57,
Bleeder,1999,6,6.8,1:38,Coffin
Blinkande Lyktor,2000,9,7.5,1:49,
Blood,2012,6,6,1:32,Drawer
Blood Diamond,2006,9,8,2:23,Coffin
"Blood in, blood out",1993,8,8,2:00,Spider
Blood Work,2002,6,6.4,1:50,
Blue Caprice,2013,6,5.9,1:33,
Blue State,2007,10,5.9,1:28,Drawer
Body of Lies,2008,7,7,2:08,
Boiler Room,2000,7,7,2:00,
Bombshell,2019,7,6.8,1:49,Coffin
Borderline,2002,5,5.2,1:34,Drawer H
Borta bäst hemma värst,2008,6,5.7,1:28,
Bottoms up,2006,5,2.3,1:29,Box
Bound,1996,8,7.3,1:49,
Boy A,2007,,7.6,1:46,
Boys and Girls,2000,,5.4,1:34,Drawer
Boys Don't Cry,1999,10,7.2,1:58,Shelf 
Boys on the run,2003,5,5.4,1:37,
Braindead,1992,,7.5,1:44,Coffin
Braveheart,1995,8,8.3,2:58,
Breach,2007,,7,1:50,Box
Breaker! Breaker!,1977,,4.2,1:26,
Breaking and entering,2006,8,6.5,2:00,Drawer H
Bride Wars,2009,,5.5,1:29,Box
Brides Maids,2011,7,6.8,2:05,
Bridget Jones dagbok,2001,6,6.8,1:37,
Bridget Jones´s baby,2016,6,6.4,2:03,
Brighton Rock,2010,6,5.7,1:51,Drawer H
Bröder,2004,,7.5,1:57,
Bröderna Grim,2005,,5.9,1:58,Spider
Brokeback Mountain,2005,10,7.7,2:14,Shelf
Broken Embraces,2009,7,7.2,2:07,Drawer H
Brooklyn Rules,2007,7,6.3,1:39,Drawer
Brooklyn's Finest,2009,7,6.7,2:12,Box
Brothers,2009,8,7.1,1:45,Drawer
Brothers in arms,2005,,2.5,1:25,Drawer
Bruce den allsmäktige,2003,,6.8,1:41,
Brudens bäste man,2008,6,5.9,1:41,
Buffalo Soldiers,2001,6,6.7,1:38,Drawer
Buffy the Vampire Slayer Season 1-2,1997,10,8.3,0:45,
Bullit,1968,,7.4,1:54,Spider
Bulworth,1998,5,6.8,1:48,Coffin
Burn after reading,2008,6,7,1:36,Drawer
Butterfly on a wheel,2007,,6.6,1:35,Box
Cafe Society,2016,7,6.6,1:36,Shelf
Candy,2006,,7.2,1:48,Box
Capone,2020,4,4.7,1:43,Coffin
Capote,2005,8,7.3,1:54,Spider
Captain Phillips,2013,9,7.8,2:14,Drawer
Carlito's Way,1993,7,7.9,2:24,Drawer
Carlitos Way Rise To Power,2005,5,5,1:40,
Carnage,2011,5,7.1,1:20,Drawer H
Casa de mi padre,2012,2,5.5,1:24,Coffin 
Casanova,2005,,6.5,1:52,Box
Cash,2010,,5.9,1:48,Box
Casino,1995,8,8.2,2:58,Shelf
Casino Jack,2010,6,6.2,1:48,Drawer
Cassandras Dream,2007,6,6.6,1:48,Drawer
Cast Away,2000,6,7.8,2:23,
Catch .44,2011,6,4.6,1:34,Drawer H
Catch & Release,2006,7,5.9,2:04,
Catch a fire,2006,8,6.7,1:41,Drawer H
Celeste and Jesse Forever,2012,5,6.6,1:32,Coffin
Changeling,2008,9,7.7,2:21,
Changing Lanes,2002,6,6.5,1:38,Drawer
Charlie Wilson's War,2007,7,7,1:42,
Chasing Amy,1997,10,7.2,1:53,Shelf
Chasing Ghosts,2005,,5.3,1:59,Box
Chasing Mavericks,2012,6,7.1,1:56,Coffin 
Che Part 1 Argentine,2000,,7.1,2:14,Drawer
Che Part 2 Guerilla,2000,,6.8,2:15,Drawer
Cheaper by the dozen,2003,,5.9,1:38,Box
Cheaper by the dozen 2,2005,,5.6,1:34,Box
Children of Men,2006,8,7.9,1:49,Drawer H
Chips,2017,,6,1:40,Box
Chloe,2009,6,6.3,1:36,
Chocolat,2000,7,7.3,2:01,Coffin 
Chopper,2000,7,7.1,1:34,
Ciderhusreglerna,1999,8,7.4,2:06,
Cinderella Man,2005,8,8,2:24,Spider
Citizen Kane,1941,7,8.3,1:59,Spider
City of God,2002,10,8.6,2:10,Shelf
City State,2011,6,5.6,1:27,Box
Claim,2002,,5.4,1:33,Drawer H
Clerks,1994,10,7.7,1:32,Shelf
Clerks 2,2006,10,7.3,1:37,Shelf
Clerks Uncensored,2000,10,7.4,0:22,Coffin
Click,2006,,6.4,1:47,Box
Clockers,1995,8,6.9,2:08,Drawer
Closer,2004,7,7.1,1:44,Box
Coach Carter,2005,7,7.3,2:16,
Coal Miners Daugther,1980,10,7.5,2:04,Shelf
Coco Chanel & Igor Stravinskij,2009,5,6.3,1:59,Coffin
Coffe and cigarettes,2003,6,7,1:35,Spider
Cold comes the night,2013,7,5.7,1:30,Drawer H
Cold mountain,2003,8,7.2,2:34,Drawer
Collateral Beauty,2016,5,6.8,1:37,Drawer H
Colombiana,2011,7,6.4,1:48,Drawer H
Columbus circle,2012,7,5.9,1:22,Drawer H
Conan the barbarian,1982,9,6.9,2:09,Spider
Conan the Barbarian,2011,7,5.2,1:53,Drawer H
Conan the destroyer,1984,8,5.9,1.43,Spider
Conexpress,2002,,4.1,1:34,Coffin
Confessions of a shopaholic,2009,,5.9,1:44,Box
Confidence,2003,6,6.6,1:37,Drawer H
Contraband,2012,7,6.4,1:49,Drawer H
Control,2007,8,7.7,2:02,Coffin
Conviction,2010,8,7.2,1:47,Drawer H
Cop Land,1997,8,7,1:45,
Cosmopolis,2012,,5.1,1:49,Box
Country Strong,2010,10,6.3,1:57,Shelf 
Cowboys & Aliens,2011,6,6,1:59,Drawer H
Coyote Ugly,2000,6,5.7,1:40,
Crash,2004,9,7.8,1:52,Shelf
Crazy Beautiful,2001,6,6.4,1:39,
Crazy Heart,2009,10,7.2,1:52,Shelf
"Crazy, stupid, love",2011,7,7.4,1:58,
Crossing over,2009,,6.7,1:53,Box
Dag och natt,2004,,6.5,1:35,Spider
Dances with Wolves,1990,,8,3:01,Shelf
Dangerous Liaisons,1988,6,7.6,1:59,
Daybreakers,2009,6,6.4,1:38,Drawer H
Dazed and confused,1993,6,7.6,1:43,Coffin
De Omutbara,1987,8,7.8,1:59,Shelf
Dead fish,2005,,5.3,1:38,Box
Dead man running,2009,,5.9,1:32,Box
Dead mans walk,1996,,7.2,1:31,Coffin
Deadwood Season 1-3,2004,10,8.6,1:00,Shelf
Dealer ,2014,,6.3,1:15,Box
Dealers (Bristol Boys),2006,7,5.6,1:28,
Dear John,2010,6,6.3,1:48,
Dear Wendy,2005,5,6.5,1:45,Drawer H
Death at a funeral ,2010,6,5.7,1:32,Box
Death Proof ,2007,7,7,2:07,Shelf
December Boys,2007,,6.5,1:45,Drawer
Deception,2008,,6,1:47,Box
Deepwater,2005,7,5.3,1:33,Drawer
Den där Mary,1998,7,7.1,1:59,
Den ofrivillige golfaren,1991,,5.7,1:47,
Den Svarta Dahlian,2006,6,5.6,2:01,
Den tredje mand,1949,6,8.1,1:33,
Derailed,2005,7,6.6,1:48,Drawer H
Desperado,1995,7,7.1,1:44,
Desperate housewives season 1,2004,,7.6,0:45,
Desperate housewives season 2,2004,,7.6,0:45,
Desperate Measures,1998,6,6.1,1:40,Drawer H
Detour,2016,6,6.2,1:37,Coffin
Diana,2013,,5.6,1:53,Box
Dice Rules,1991,7,5.4,1:28,
Die Hard,1988,9,8.2,2:12,
Die Hard 2,1990,7,7.2,2:04,Box
Die Hard 4.0,2007,,7.1,2:08,Box
Die Hard with a vengance,1995,5,7.6,2:08,Box
Dinner for Schmucks,2010,,5.9,1:54,Box
Direct Contact,2009,,4.2,1:30,Box
Dirty,2005,8,5.5,1:37,Drawer H
Dirty Harry,1971,7,7.7,1:42,Spider
Dirty Harry 2 Magnum Force,1973,6,7.2,2:04,Spider
Dirty Harry 3 The Enforcer,1976,6,6.7,1:36,Spider
Dirty Harry 4 Sudden Impact,1983,,6.6,1:57,Spider
Disgrace,2008,,6.5,1:59,
disturbia,2007,,6.8,1:45,Box
Django Unchained,2012,8,8.5,2:45,Shelf
Djävulen bär Prada,2006,6,6.9,1:49,
Do the right thing,1989,9,8,2:00,Spider
Dog pound,2010,6,7,1:31,Coffin
Dogma,1999,10,7.3,2:10,Shelf
Dolan's Cadillac,2009,,5.7,1:29,Coffin
Domino,2019,6,4.4,2:07,Coffin
Donnie Brasco,1997,8,7.7,2:07,
Donnie Darko,2001,8,8,1:53,Spider
Donnie Darko,2001,8,8,1:53,
Donnybrook,2018,,5.4,1:41,Box
Dottern,2015,6,6.6,1:36,Coffin
Down to you,2000,5,5,1:31,Drawer
Dracula 2001,2000,2,4.9,1:39,Coffin
Draft Day,2014,5,6.8,1:50,Coffin 
Dragon The Bruce Lee Story,1993,10,7,2:00,Shelf
Drinking Buddies,2013,8,6.1,1:30,Shelf
Drug Wars,1990,,6.6,4:30,Box
Du gör mig galen,2012,8,7.7,2:02,Drawer H
Du kommer möta en mörk främling,2010,8,6.3,1:38,Shelf
Due Date,2010,7,6.5,1:35,Coffin
Duets,2000,7,6.1,1:52,Drawer H
Duplex,2003,4,5.9,1:29,Drawer H
Duplicity ,2009,,6.1,2:05,Box
E.T.,1982,,7.9,1:55,Box
Eagle Eye,2008,5,6.6,1:58,Drawer
Eagle Eye,2008,5,6.6,1:58,
Eastern Promises,2007,8,7.6,1:40,
Easy Rider,1969,7,7.3,1:35,Coffin
Eat Pray Love,2010,5,5.8,2:13,
Edge of Madness,2002,7,6.2,1:39,
Edmond,2005,6,6.2,1:22,
EDtv,1999,6,6.1,2:02,
El Mariachi,1992,8,6.8,1:21,
Elegy,2008,,6.7,1:52,Box
Elephant white,2011,,5,1:31,Box
Elizabeth The golden age,2007,,6.8,1:54,Box
Elizabethtown,2005,8,6.4,2:03,Shelf
Elysium,2013,6,6.6,1:49,Drawer H
En ängel vid mitt bord,1990,,7.5,2:38,
En dag i livet,2005,8,7,1:48,
En djävulsk romans,1999,10,6.8,1:37,Shelf
En enkel plan,1998,7,7.5,2:01,Coffin
En enkel till Antibes,2011,7,6.1,1:45,
En långvarig förlovning,2004,,7.6,2.13,Coffin
En sen kväll på McCools,2001,7,6.1,1:33,Coffin
End of Watch,2012,8,7.6,1:49,Shelf
Equity,2016,,5.6,1:40,Box
Eternal sunshine of the the spotless mind,2004,8,8.3,1:48,Spider
Ett hus av sand och dimma,2003,8,7.5,2:06,Coffin
Evening,2007,,6.4,1:57,Box
Every day life,2010,7,5.7,1:33,
Everybody wants some!!,2016,,6.9,1:57,Box
Evil Woman (Saving Silverman),2001,6,5.9,1:32,Drawer H
Extreme movie,2008,,3.7,1:26,
Factory Girl,2006,8,6.3,1:30,Drawer
Factotum,2005,10,6.6,1:34,Spider
Fair Game,2010,8,6.8,1:48,Coffin
Familjen Belier,2014,7,7.3,1:46,Coffin
Fantastic four,2005,3,5.7,1:46,Spider
Fantomen,1996,8,5,1:40,Coffin
Far from heaven,2002,6,7.3,1:47,
Faro,2013,,5.6,1:28,Box
Fasandraeberne,2014,8,7.1,1:59,
Fast food nation,2006,,6.3,1:56,Box
Faster,2010,,6.4,1:38,Box
Fat City,1972,7,7.3,1:36,
Fay Grim,2006,5,6.1,1:58,Drawer H
Fear and loathing in Las Vegas,1998,9,7.6,1:58,Spider
Fear City,1984,6,5.7,1:35,
Feast of Love,2007,,6.5,1:37,Box
Fifty dead men walking,2008,7,6.8,1:57,Drawer
Fifty Pills,2006,6,4.9,1:25,Drawer
Fighting,2009,6,5.6,1:45,
Fighting Tommy Riley,2004,,6.5,1:49,Box
Finding Amanda,2008,8,5.5,1:36,Drawer
Finding Neverland,2004,6,7.6,1:46,Spider
Firefly,2002,10,9,0:45,Shelf
Firewall,2006,,5.8,1:45,Box
First Man,2018,7,7.3,2:21,
Fist Fight,2017,4,5.6,1:31,Drawer H
Five Fingers,2006,,6.3,1:27,Box
Five minarets in New York,2010,,5.7,1:59,Box
Flag Day,2021,8,5.4,1:49,
Flags of our Fathers,2006,,7.1,2:15,
Flawless,2007,,6.7,1:48,Box
Flickan ,2009,7,6.7,1:40,Coffin
Flickvänner från förr,2009,7,5.8,1:40,
Flightplan,2005,7,6.3,1:38,Drawer H
Florence Foster Jenkins,2016,,6.8,1:51,Coffin
Flykten från Alcatraz,1979,7,7.5,1:52,
Focus,2015,6,6.6,1:45,Drawer H
Född the fjärde juli,1989,8,7.2,2:25,
Förälskad Förvirrad,2005,6,6.9,2:05,
Forgetting Sarah Marshall,2008,7,7.1,1:51,Drawer H
Four Lions,2010,,7.3,1:37,Box
Fragments (Winged Creatures),2008,,5.6,1:40,Box
Frankie & Johnny,1991,7,6.7,1:58,
Freaky Deaky,2012,,5.6,1:30,Box
Free fire,2016,6,6.3,1:31,
Free State of Jones,2016,8,6.9,2:19,
Freelancers,2012,,4.7,1:36,Box
French Connection,1971,7,7.7,1:44,Spider
French Connection 2,1975,,6.8,1:59,Spider
Friends With Benefits,2011,7,6.5,1:49,
From Dusk Till Dawn,1996,7,7.2,1:48,Coffin
From Hell,2001,6,6.7,2:02,
From Paris with love,2010,5,6.4,1:32,Drawer H
Fronten e Python,1983,,4.8,1:47,
Fun Size,2012,,5.4,1:26,Box
Fury,2014,,7.6,2:14,
Gangs of New York,2002,7,7.5,2:47,
Gemma Bovery,2014,,6.4,1:39,Box
Get Low The Funeral Party,2009,6,7,1:43,Drawer H
Ghost in the shell,2017,5,6.3,1:47,Coffin
Ghost ship,2002,5,5.5,1:31,Coffin
Gigli,2003,5,2.7,2:01,Drawer H
Girls just want to have fun,1985,6,5.9,1:30,
Give em hell Malone,2009,5,5.8,1:36,Drawer H
Gladiator,2000,8,8.5,2:35,Shelf
Gladiatress,2004,4,4.2,1:29,Coffin
Glory Road,2006,7,7.2,1:58,Drawer H
God's Army,1995,7,6.4,1:38,
Gökboet,1975,7,8.7,2:13,
Gone Baby Gone,2007,8,7.6,1:54,
Good Cop Bad Cop,2006,,6.7,1:57,Box
Good luck Chuck,2007,6,5.6,1:36,Drawer H
"Good morning, Vietnam",1987,7,7.3,2:01,
"Good night, and good luck",2005,4,7.4,1:33,
Good will hunting,1997,8,8.4,2:06,
Gospell Hill,2008,,5.5,1:39,Box
Gothika,2003,7,5.8,1:38,
Gotti,2010,6,4.8,1:28,
Gran Torino,2008,9,8.1,1:56,Coffin
Grand theft Parsons,2003,6,6,1:28,Drawer H
Gravity,2013,7,7.7,1:31,Drawer H
Greenberg,2010,8,6.1,1:47,Coffin
Grudge Match,2013,,6.4,1:53,Box
Guardians of the galaxy vol. 2,2017,6,7.6,2:16,Drawer H
Guilty,2006,7,7,2:05,Drawer
Hall Pas,2011,6,5.9,1:45,Drawer H
Hälsoresan,1999,,4.4,1:45,
Hämnden,2010,,7.6,1:58,Box
Hancock,2008,,6.4,1:32,
Hands of Stone,2016,8,6.6,1:51,Coffin
Hang em high,1968,6,7,1:54,Drawer H
Hansel & Gretel,2013,,6.1,1:28,Box
Happy Hour,2003,7,6.2,1:33,
Happy Tears,2009,,5.2,1:32,Box
Hard Luck,2006,,5.1,1:41,Box
Hardball,2001,7,6.4,1:46,Drawer H
Harry Potter och den flammande bägaren,2005,,7.7,2:37,Spider
Head in the Clouds,2004,,6.5,2:12,Drawer
Heartbreaker,2010,6,6.7,1:45,Drawer
Heartbreakers,2001,,6.3,2:03,Box
Heat,1995,7,8.3,2:50,Shelf
Heathers,1988,7,7.2,1:43,
Helens små underverk,2004,,6,1:59,Box
Hellboy,2004,7,6.8,2:02,Spider
Hellraiser ,1987,,6.9,1:34,
Hellraiser 2,1988,,6.4,1:37,
Hells Angels on Wheels,1967,6,5.1,1:35,
Here comes the boom,2012,7,6.4,1:45,
Hesher,2010,6,6.9,1:46,Drawer H
Hidalgo,2004,6,6.7,2:16,Coffin 
High Fidelity,2000,9,7.5,1:53,Shelf
High Roller,2003,5,6.1,1:50,Coffin
Hitch,2005,7,6.6,1:58,
Hollywood Ending,2002,6,6.5,1:52,Drawer H
Holy Water,2009,6,5.9,1:34,Drawer
Homicide the movie,2000,6,7.8,1:28,Drawer
Honey,2003,6,5.4,1:34,
Hooking up,2009,,2.6,1:35,Box
Hooligans,2005,9,7.4,1:49,Drawer H
Hope Springs,2012,,6.3,1:40,Box
Horrible Bosses,2011,8,6.9,1:38,Drawer H
Horrible Bosses 2,2014,6,6.3,1:48,Drawer H
Horsemen of the apocalypse,2009,,5.6,1:30,Coffin
Hostage,2005,,6.5,1:53,Box
Hotet inifrån,2006,6,6.1,1:48,
House season 1,2004,8,8.7,0:45,
How do you know,2010,6,5.4,2:01,Drawer
How to be single,2016,,6.1,1:50,Box
How to loose friends & alienate people ,2008,,6.4,1:50,Box
How to lose a guy in 10 days,2003,6,6.5,1:56,Drawer H
I am legend,2007,6,7.2,1:41,
I am Sam,2001,10,7.6,2:12,Drawer
I don't know how she does it,2011,,5,1:29,Box
"I love you, man",2009,6,7,1:45,Drawer H
I saw the light,2015,6,5.8,2:03,Coffin
I skuggan av Bronx,1993,8,7.8,2:01,Drawer
I spit on your grave,2010,7,6.2,1:48,
I-Spy,2002,5,5.4,1:37,coffin
I'm Not There,2007,,6.9,2:15,Coffin
Identity of a Killer,2010,,6.6,1:54,Drawer
Illusionisten,2006,7,7.6,1:50,Coffin
Immortal,2004,,6,1:43,Spider
Imogene (Girl most likely),2012,,5.7,1:43,Box
In a world,2013,6,6.6,1:33,Drawer H
In Bruges,2008,7,7.9,1:47,
In good company,2004,6,6.4,1:49,
In her shoes,2005,7,6.5,2:10,Drawer H
In search of a midnight kiss,2007,7,7.2,1:30,Drawer
In the beedrom,2001,,7.4,2:11,Box
In the cut,2003,7,5.4,1:59,Drawer H
In the valley of elah,2007,6,7.1,2:01,Drawer H
Inception,2010,7,8.8,2:28,
Inferno,1999,,5.2,1:35,Box
Inglorius Basterds,2009,9,8.4,2:33,Shelf
Inhale,2010,7,6.5,1:23,Drawer H
Inside Man,2006,7,7.6,2:09,Drawer
Insider,1999,6,7.8,2:37,
Interview,2007,8,6.8,1:24,Coffin
Interview with the wampire,1994,8,7.5,2:03,Drawer H
Into the wild,2007,9,8.1,2:28,Shelf
Intolerable Cruelty,2003,6,6.3,1:40,Drawer
Invincible,2006,6,7,1:45,
It's all about love,2003,5,5.3,1:46,
It's all gone Pete Tong,2004,6,7.3,1:30,Spider
It´s kind of a funny story,2010,,7.1,1:41,Box
Ivans xtc.,2000,5,6.5,1:33,
Jack Reacher,2012,,7,2:10,Box
Jackie & Ryan,2014,7,5.9,1:30,Drawer
Jackie Brown,1997,8,7.5,2:34,Shelf
James White,2015,,7.1,1:25,Box
Jane Doe,1995,7,4.6,1:32,
Jarhead,2005,6,7,2:05,Drawer
Jawbone,2017,5,6.4,1:31,Drawer H
Jay and Silent Bob do Degrassi,2005,7,5.4,1:13,Coffin
Jay and Silent Bob strike back,2001,10,6.8,1:44,Shelf
JCVD,2008,5,7.1,1:37,Coffin
Jeepers Creepers ,2001,,6.2,1:30,Box
Jeff who lives at home,2011,,6.4,1:23,Box
Jem and the Holograms,2015,4,4.2,1:58,Coffin
Jersey Girl,2004,9,6.2,1:42,Shelf
Joe Kid,1972,,6.5,1:28,Coffin
John Tucker must die,2006,6,5.7,1:29,Drawer H
Jojo Rabbit,2019,7,7.9,1:48,Coffin
Joy,2015,6,6.6,2:04,Drawer H
Julia,2008,7,7,2:24,Drawer H
Julie & Julia,2009,7,7,2:03,Coffin 
Junebug,2005,8,6.9,1:46,Drawer
Juno,2007,8,7.5,1:36,
Just go with it,2011,7,6.4,1:57,Drawer H
Just my luck,2006,6,5.4,1:43,
Kärlek i Detroit,2012,6,6.7,1:34,Drawer
Kärlek i New York,2010,8,6.7,1:40,Drawer H
Kicking and screaming,2005,6,5.6,1:35,
Kill Bill vol.2,2004,8,8,2.17,Shelf
Kill Bill volume 1,2003,8,8.2,1:51,Shelf
Kill Theory,2009,5,5.3,1:25,
Killer Deadline,2002,6,6,1:44,Drawer H
Killer Joe,2011,7,6.7,1:42,Box
Killing Zoe ,1993,9,6.4,1:36,Shelf
Killshot,2008,5,6,1:35,Coffin
King Arthur,2004,6,6.3,2:06,Coffin 
King of New York,1990,6,6.9,1:43,
King of thieves,2018,,5.6,1:48,Box
Kings of Crime,2005,6,7.2,2:32,Drawer
KIngs of South Beach,2007,5,5.2,1:30,Drawer H
Köpmannen i Venedig,2004,,7,2:11,Spider
Kung Fu hustle,2004,,7.8,1:39,Spider
Ladder 49,2004,9,6.5,1:55,Coffin
Lady Bird,2017,6,7.4,1:34,
Lakeview Terrace,2008,7,6.2,1:50,Drawer
Last chance Harvey,2008,,6.6,1:33,Box
Last days of summer,2009,,5.1,1:25,Box
Last passenger,2013,,5.7,1:37,Box
Layer Cake,2004,6,7.3,1:45,Spider
Leatherheads,2008,,6,1:54,Box
Leaves of grass,2009,,6.4,1:45,Box
Legend,2015,7,6.9,2:12,Box
Leon,1994,9,8.6,1:50,Shelf
Lethal Weapon 3,1992,,6.7,1:58,Box
Lets go to prison,2006,6,5.9,1:24,Drawer
Letters to Juliet,2010,,6.5,1:45,Coffin
Liar Liar,1997,,6.9,1:26,Box
Liberal Arts,2012,6,6.7,1:37,Drawer H
Liberty still stands,2002,,5.7,1:36,Box
License to wed,2007,6,5.3,1:31,Drawer H
Life Happens,2011,6,5.6,1:40,Drawer
Liftarens guide till galaxen,2005,,6.7,1:49,Spider
Like Crazy,2011,,6.6,1:26,Box
Lincoln Lawyer,2011,6,7.3,1:58,Coffin
Linewatch,2008,7,5.5,1:30,Drawer H
Lions for Lambs,2007,,6.2,1:32,Box
Little Miss Sunshine,2006,8,7.8,1:41,
Little New York,2009,,5.9,1:36,Coffin
Live by Night,2016,,6.4,2.09,Box
Livet på Orange drive,2011,,5.8,1:30,Box
Living High,2006,,5.4,1:35,Box
Lock Stock & Two smoking barrels,1998,8,8.1,1:47,Box
Logan,2017,7,8.1,2:17,
London River,2009,6,6.9,1:24,
London to Brighton,2006,8,6.9,1:25,
Lonely Hearts Killers,2006,8,6.4,1:48,Coffin 
Lord of War,2005,6,7.6,2:02,
Lords of Dogtown,2005,8,7.1,1:47,
Lost and delirious,2001,,6.9,1:43,Coffin
Lost in Translation,2003,9,7.7,1:42,Shelf
Love & other drugs,2010,6,6.7,1:52,Drawer H
Love Actually,2003,7,7.6,2:15,Drawer
Love happens,2009,,5.7,1:49,Box
Love in Manhattan,2006,8,6.9,1:42,
Love is strange,2014,,6.7,1:34,Box
Loverboy,2005,,5.3,1:24,Box
Lucky You,2007,5,5.9,2:04,Drawer H
Lycky Number Slevin,2006,6,7.7,1:50,Drawer H
Machine Gun Preacher,2011,8,6.8,2:09,Coffin
Mad Money,2008,,5.9,1:44,Box
Maffiabröder,1990,9,8.7,2:25,Spider
Maggie´s Plan,2015,6,6.2,1:38,Drawer H
Magnolia,1999,8,8,3:08,Box
Maid in Manhattan,2002,6,5.4,1:45,
Malice,1993,6,6.5,1:47,Drawer H
Mallrats,1995,10,7.1,1:34,Shelf
Mallrats,1995,10,7.1,1:34,Coffin
Mamma Mia,2008,7,6.5,1:48,
Mannen med oxpiskan,1973,,7.5,1:45,Coffin
Margot at the wedding,2007,,6,1:31,Box
Marie Antoinette,2006,5,6.5,2:03,Coffin
Mark of a murderer,2002,7,6.1,1:48,Drawer
Mars Attacks,1996,7,6.4,1:46,Spider
Masked and Anonymous,2003,,5.3,1:52,
Match Point,2005,8,7.6,2:04,Shelf
Matchstick Men,2003,7,7.3,1:56,Drawer H
Matrix,1999,7,8.7,2:16,
Max Payne,2008,5,5.4,1:40,
Maxmanus,2008,8,7.3,1:58,Drawer
McCanick,2013,4,4.7,1:36,Drawer H
Me and you and everyone we know,2005,7,7.2,1:25,
Mean Machine,2001,6,6.4,1:39,
Mean Streets,1973,6,7.2,1:52,
Meet the Fockers,2004,5,6.3,1:55,Coffin 
Meet the parents,2000,,7,1:48,Box
Meet the parents Little Fockers,2010,,5.5,1:38,Box
Men of Honor,2000,7,7.2,2:09,
Miami Vice,2006,5,6,2:12,Coffin 
Michael Clayton,2007,6,7.2,1:59,Drawer
Middle Men,2009,7,6.8,1:45,Drawer
Midnight in Alaska,2009,6,4.4,1:39,Drawer H
Midnight in Paris,2011,9,7.6,1:34,Shelf
Mile 22,2018,6,6.1,1:34,Drawer H
Miller's Crossing,1990,7,7.7,1:55,Drawer H
Million Dollar Baby,2004,9,8.1,2:12,
Min stora feta grekiska semester,2009,,6,1:35,Box
Miss Congeniality 2,2005,,5.2,1:55,Box
Miss Meadows,2014,6,5.8,1:28,Coffin
Mitt Super Ex,2006,6,5.2,1:36,
Mona Lisa smile,2003,,6.6,1:57,Box
Money Monster,2016,6,6.5,1:38,Drawer H
Monster's Ball,2001,10,7.1,1:51,Shelf
Monthy Python Ett herrans liv,1979,9,8.1,1:34,Spider
Monty Python Meningen med livet,1983,,7.5,1:47,Spider
Monty Pythons Galna värld,1975,,8.2,1:31,spider
Moonlight,2016,6,7.4,1:51,Coffin
Mortdecai,2015,,5.5,1:47,Coffin
Motstånd,2008,,7.2,2:17,
Mr. Nice,2010,,6.4,2.01,Box
Mulholland Falls,1996,6,6.3,1:47,
Murder by numbers,2002,7,6.2,1:52,Drawer H
Muriels Bröllop,1994,7,7.3,1:46,Drawer H
Music and lyrics ,2007,6,6.5,1:44,
My one and only,2009,5,6.5,1:48,
Mystic River,2003,10,7.9,2:18,Shelf
Nashville the complete series,2012,10,7.7,0:43,Shelf
Natural Born Killers,1994,7,7.2,1:59,Shelf
Never talk to strangers,1995,,5.2,1:26,Box
New town killer,2008,,5.6,1:40,Box
New Years Eve,2011,7,5.6,1:58,Drawer H
New York Immigrant,2013,8,6.6,2:00,Drawer
Nine,2009,,5.8,1:58,
Nine Queens,2000,,7.9,1:54,Box
Nio liv,2016,,6.3,1:48,Box
No Direction Home,2005,10,8.5,3:28,
No Escape,2015,8,6.8,1:43,Drawer H
No escape (Inescapable),2012,7,5.1,1:31,
No strings attached,2011,6,6.2,1:48,
Nocturnal Animals,2016,10,7.5,1:56,Shelf
Notting Hill,1999,8,7.2,2:04,
Nowhere Boy,2009,,7.1,1:38,Drawer
Nyckeln til Frihet,1994,8,9.3,2.22,
O Brother where art thou,2000,8,7.7,1:47,Shelf
Oceans Eleven,2001,6,7.7,1:56,
Oceans Thirteen,2007,,6.9,2:02,
Oceans Twelve,2004,,6.5,2:05,
och så kom Polly,2004,7,6,1:30,
Office christmas party,2016,,5.9,1:45,Box
Office rats,2011,6,5.3,1:34,Drawer H
Old boy,2003,,8.4,2:00,Spider
Old School,2003,8,7,1:28,Drawer H
On the road,2012,7,6,2:04,Drawer
Once upon a time in America,1984,8,8.3,3:49,Shelf
Once upon a time in Hollywood,2019,8,7.6,2:41,Shelf
Once upon a time in Mexico,2003,6,6.3,1:42,Drawer H
Once upon a time in the west,1968,7,8.5,2:46,Coffin
Ondskan,2003,,7.8,1:53,Coffin
One Fine Day,1996,5,6.5,1:48,Drawer H
One Man's Hero,1999,,6,2:01,Box
One More Time,2015,7,4.9,1:38,
Ong-bak,2003,,7.2,1:45,Spider
Only God Forgives,2013,4,5.7,1:30,Coffin 
Open Range,2003,8,7.4,2:19,Drawer
Orange County,2002,6,6.2,1:22,Drawer H
Ordinary decent criminal,2000,,6.3,1:33,Box
Oskuldens tid (Cracks),2009,6,6.6,1:44,
Out of the blue,2006,5,7.1,1:43,Drawer H
Out of Time,2003,6,6.5,1:45,Drawer
Outside the law,2010,,6.6,2:18,Coffin
Outsourced,2006,6,7,1:43,Drawer
P.S. I love you,2007,7,7,2:06,
P2,2007,6,5.9,1:38,Drawer H
Pain & Gain,2013,,6.4,2:09,Box
Pale Rider,1985,,7.3,1:55,
"Palo Alto, CA",2007,6,6.3,1:40,Drawer H
Pans Labyrint,2006,8,8.5,1:58,Coffin
Paparazzi,2004,6,5.7,1:24,Drawer H
Papillon,1973,,8,2:31,Box
Paranoia ,2013,,5.6,1:46,Box
Paranoid Park,2007,,6.6,1:26,Box
Parasit,2019,6,8.6,2:12,Coffin
Passengers,2026,7,7,1:56,Coffin
Passion Play,2010,,4.6,1:34,Coffin
Patriots Day,2016,8,7.4,2:13,Coffin
Peaple I know,2002,5,5.4,1:40,Drawer H
Perrier's Bounty,2009,,6.3,1:28,Box
Personal Effects ,2009,,6.2,1:51,Box
Pirates of the Caribbean at worlds end,2007,,7.1,2:49,Box
Pirates of the Caribbean Dead Mans Chest,2006,,7.4,2:31,Box
Planet Terror,2007,,7,1:45,Shelf
Playing for keeps,2012,,5.7,1:45,Box
Pledge this,2006,,1.7,1:38,Box
Plutonen,1986,8,8.1,2:00,
Pool,2020,9,4.4,1:31,Coffin
Populärmusk från Vittula,2004,,6.5,1:45,Spider
Precious,2009,,7.3,1:50,Box
Pretty Woman,1990,8,7.1,1:59,Drawer
Pride and Glory,2008,6,6.6,2:10,
Prime,2005,5,6.2,1:45,Drawer
Prison,1987,,5.8,1:42,Coffin
Proof,2005,7,6.7,1:40,Drawer H
Public Enemies,2009,6,6.9,2:20,
Pulp Fiction,1994,8,8.9,2:34,Shelf
Pulp Fiction,1994,8,8.9,2:34,Spider
Punch drunk love,2002,7,7.3,1:35,Spider
Puser 3,2005,,7.3,1:48,Shelf
Pusher,1996,8,7.3,1:50,Shelf
Pusher II,2004,7,7.3,1:40,Shelf
Rabbit Hole,2010,,6.9,1:31,Box
Raging Bull,1980,7,8.1,2:09,
Rails & Ties,2007,6,6.7,1:41,Drawer H
Rambo,2008,,7,1:32,Coffin
Rambo First Blood,1982,,7.7,1:33,
Rampart,2011,,5.8,1:48,Box
Rare Birds,2001,,6.4,1:39,Box
Raw/Delirous Eddie Murphy,1987,10,7.7,1:33,Spider
Ready or not,2019,5,6.9,1:35,Coffin
Ready or not,2009,,4.7,1:28,Coffin
Recoil,1998,,5.3,1:36,Box
Red,2010,6,7,1:51,Drawer H
Red Eye,2005,8,6.5,1:25,Spider
Red Lights,2012,,6.2,1:54,Box
Red Riding 1983,2009,6,7.2,1:40,Coffin
Red Riding Hood,2011,4,5.4,1:40,
Red State,2011,7,6.2,1:28,Coffin
Redblelt,2008,6,6.7,1:39,Drawer H
Redemption (Red),2008,,6.9,1:33,Box
Reign over me,2007,7,7.4,2:04,Drawer H
Remember Me,2010,8,7.1,1:53,Drawer
Renaissance man,1994,,6.2,2:08,Box
Requiem for a dream,2000,10,8.3,1:42,Shelf
Rescue Dawn,2006,,7.3,2:05,
Reservation Road,2007,7,6.6,1:42,
Reservoir Dogs,1992,9,8.3,1:39,Shelf
Reservoir Dogs,1992,9,8.3,1:39,
Resident Evil: Extinction,2007,,6.2,1:34,
Revolver,2005,6,6.3,1:51,Drawer H
Richard Jewel,2019,7,7.5,2:11,Coffin
Ricki and the Flash,2015,,6,1:41,Box
Riddick,2013,4,6.4,1:59,
Righteous Kill,2008,5,6,1:41,
Road to perdition,2002,7,7.6,1:57,Drawer H
Rob the Mob,2014,,6.3,1:44,Box
Robin Hood,2010,6,6.6,2:20,
Robin Hood Prince of Thieves ,1991,8,6.9,2:23,
Rock of Ages,2012,,5.9,2:03,Box
RocknRolla,2008,,7.2,1:54,Box
Rocky,1976,10,8.1,2:00,Shelf
Röda Draken,1986,7,7.2,2:00,
Rogue One,2016,10,7.8,2:13,Coffin
Role Models,2008,6,6.8,1:38,
Romance & Cigarettes,2005,,6.2,1:45,Box
Romper Stomper,1992,8,6.8,1:34,Coffin
Roots of Evil,1992,,3.9,1:35,
Rough Night,2017,5,5.2,1:41,Box
Rounders,1998,,7.3,2:01,Box
Rumor has it,2005,7,5.5,1:37,
Run all night,2015,6,6.6,1:54,Drawer H
Runaway Bride,1999,6,5.6,1:56,Drawer H
Runaway Jury,2003,6,7.1,2:07,Drawer H
Runner Runner,2013,7,5.6,1:28,Drawer H
Running Scared,2006,7,7.3,2:02,Drawer H
Rush,2013,8,8.1,2:03,
S.O.S,1988,,6.2,1:44,
S1mone,2002,,6.1,1:57,Box
Safe,2012,,6.5,1:34,Box
Saint John of Las Vegas,2009,6,5.7,1:25,Drawer
Sällskapsresan,1980,,7.2,1:47,
Salt,2010,6,6.5,1:40,Drawer H
Savages,2012,9,6.4,2:11,Shelf
Save the date,2012,,5.7,1:37,Box
Saving Private Ryan,1998,,8.6,2:49,
Savior ,1998,8,7.2,1:43,Drawer
Scarface,1983,9,8.3,2:50,Spider
Scary Video,2000,,4,1.26,Coffin
Scent of a woman,1992,8,8,2:36,Drawer
School of rock,2003,8,7.2,1:49,
Scott Pilgrim,2010,2,7.5,1:52,Coffin
Scream 2,1997,,6.3,2:00,
Scream 3,2000,,5.6,1:56,Coffin
Scrubs season 1,2001,8,8.3,0:30,Coffin
Sea of Love,1989,7,6.8,1:53,Drawer
Searching for love (Free samples),2012,5,5.6,1:20,Drawer H
Seconds to spare,2002,,4.6,1:40,Box
Secuestro Express,2004,,6.5,1:26,Box
Seeking justice,2011,,6.1,1:45,Box
Semanta Santa,2001,,4.2,1:31,
Seperate lies,2005,,6.4,1:25,Box
Serena,2014,,5.4,1:49,Box
Serenity,2005,10,7.8,1:59,Shelf
Serenity,2005,10,7.8,1:59,Spider
Serenity ,2019,6,5.4,1:46,
Serious Moonlight,2009,5,5.4,1:21,Coffin 
Serpico,1973,7,7.7,2:10,
Seven,1995,8,8.6,2:07,Spider
Seven Pounds,2008,,7.6,2:03,Box
Shadow Dancer,2012,6,6.2,1:41,Coffin
Shaft,2000,7,6,1:39,
Shakespeare in love,1998,,7.1,2:03,Drawer
Shall we dance,2004,,6.2,1:46,
Shanghai,2010,7,6.4,1:45,Coffin
Shaun of the dead,2004,,7.9,1:39,Spider
She's so lovely,1997,6,5.9,1:40,Drawer
Shogun Assassin,1980,,7.3,1:25,
Shooter,2007,6,7.1,2:04,Drawer H
Showgirls,1995,5,5.2,2:11,
Showtime,2002,6,5.6,1:35,Drawer H
Shutter Island,2010,8,8.2,2:18,Coffin 
Sideways,2004,9,7.5,2:07,Shelf
Silverado,1985,6,7.2,2:13,Coffin
Simply Irresistible,1999,6,5.2,1:36,
Sin City,2005,8,9,2:04,
Sinners and saints,2010,7,6.1,1:44,
Skiptrace,2016,5,5.6,1:47,
Skottår,2010,7,6.4,1:40,Shelf
Skulls,2000,,5.6,1:46,Box
Slaget vid Passendale,2008,,6.4,1:54,
Slip Stream,2007,,4.9,1:36,Coffin
Slow Burn,2005,5,5.7,1:33,Drawer
Slumdog Millionaire,2008,9,8,2:00,Coffin
Smashed,2012,6,6.7,1:21,Drawer
Smokin Aces,2006,6,6.6,1:48,Drawer H
Snatch,2000,7,8.2,1:42,
Snow white and the huntsman,2012,5,6.1,2:07,Box
Snowroller,1985,,6.6,1:31,
Snuten i Hollywood,1984,8,7.3,1.45,Spider
Snuten i Hollywood 2,1987,9,6.5,1:43,Spider
"Snygg, Sexig & Singel",2002,5,5.2,1:24,
Solstice,2008,,5.3,1:31,Coffin
Someone Marry Barry,2014,,5.8,1:27,Box
Son of no one,2011,7,5.1,1:30,Drawer H
Song One,2014,6,5.8,1:26, Coffin 
Source Code,2011,,7.5,1:33,Box
South Park season 2,1997,10,8.7,0:22,
Sparkle,2007,,6,1:40,Box
Spartan,2004,6,6.5,1:46,Drawer H
Spiderman 1,2002,4,7.3,2:01,Spider
Spiderman 2,2004,4,7.4,2:07,spider
Spy Game,2001,7,7.1,2:06,
Star Wars A New Hope,1977,10,8.6,2:01,Box
Star wars The force awakens,2015,10,7.8,2:18,Coffin
Star wars The last jedi,2017,10,6.9,2:32,Coffin
Star wars The rise of Skywalker,2019,10,6.5,2:21,Coffin
Stardust,2007,7,7.6,2:07,
State and Main,2000,6,6.7,1:45,Drawer H
Stay Cool,2009,,4.9,1:34,Box
Steel Magnolias,1989,,7.3,1:57,Box
Step brothers,2008,8,6.9,1:38,Drawer H
Step on it (pay off),2003,,4.6,1:49,
Straight A's,2013,,5.6,1:31,Box
Street Kings,2008,7,6.8,1:49,
Streets of Blood,2009,4,4.4,1:35,Box
Stuck on you,2003,,5.8,1:58,Box
Stulna kyssar,1968,5,7.6,1.31,Coffin
Suburban Girl,2007,6,5.4,1:37,Drawer
Sucker Punch,2011,6,6,1:50,Coffin
Summer's Blood,2009,,4.4,1:31,
Super 8,2011,6,7,1:52,Drawer H
Superbad,2007,7,7.6,1:53,Drawer H
Surveillance,2008,7,6.3,1:37,Drawer H
Suspect zero,2004,5,5.8,1:39,
Sweeny Todd,2007,4,7.3,1:56,
Sweet Dreams (Skagerrak),2003,6,6.1,1:44,
Sweet home Alabama,2002,6,6.2,1:48,
Sweet Vengance,2013,7,6.2,1:35,Drawer H
Sword of Vengeance,1972,,7.7,1:24,
Swordfish,2001,6,6.5,1:39,
Sylvia,2003,,6.3,1:40,Drawer
Syndikatet,2014,,7.1,2:15,Drawer
Take,2007,6,5.8,1:38,Drawer H
Taken,2008,7,7.7,1:30,Drawer H
Taken 2,2012,7,6.2,1:32,Drawer H
Taking Lives,2004,6,6.2,1:43,Drawer H
Talladega Nights,2006,7,6.6,1:48,
Tatanka,2011,7,6.2,1:40,Drawer
Taxi Driver,1976,10,8.2,1:54,Shelf
Tenderness,2009,6,5.4,1:41,Box
Terminator,1984,10,8,1:47,Spider
Terminator 2,1991,8,8.5,2:17,Spider
Texas Killing Fields,2011,6,5.7,1:45,Box
Thanks for sharing,2012,8,6.4,1:52,Coffin 
That awkward momet,2014,6,6.1,1:34,Drawer
That's my boy,2012,,5.6,1:56,Box
The Adjustment Bureau ,2011,6,7,1:46,Drawer H
The Adventures of Ford Fairlane,1990,10,6.4,1:44,Shelf
The Air I Breathe,2007,6,6.7,1:35,
The Alamo,2004,7,6.1,2:17,
The Alphabet Killer,2008,5,5.2,1:38,Coffin
The art of the steal,2013,6,6.3,1:30,Drawer
The Assassination of Jesse James by the Coward Robert Ford,2007,7,7.5,2:40,
The assassination of Richard Nixon,2004,7,6.9,1:35,Drawer
The Aviator,2004,,7.5,2:50,Coffin
The Bachelor,1999,,5.1,1:41,Box
The back up plan,2010,,5.3,1:44,Box
The Bag Man,2014,7,5.2,1:48,Drawer H
The Ballad of Jack & Rose,2005,,6.5,1:52,Box
The Beach,2000,7,6.6,1:59,Drawer H
The Big Blue,1988,10,7.6,2:48,Shelf
The Black Adder,1982,10,8,0:30,Coffin
The book of Eli,2010,6,6.8,1:58,Drawer H
The Boondock Saints,1999,6,7.7,1:48,Coffin
The Boondock Saints 2,2009,5,6.2,1:58,Drawer H
The Bourne Supremacy,2004,,7.7,1:48,Box
The Bourne Ultimatum,2007,6,8,1:55,Coffin 
The Brave One,2007,8,6.7,2:02,Drawer
The break-up,2006,6,5.8,1:46,
The Brothers Bloom,2008,,6.7,1:54,Box
The Butcher,2009,5,5.3,1:35,Drawer H
The Butler,2013,,7.2,2:12,Box
The Calcium Kid,2004,7,5.6,1:29,Drawer H
The Captive,2014,7,5.9,1:52,Drawer H
The change up,2011,,6.3,1:52,Box
The Commitments,1991,,7.6,1:58,Box
The Contract,2006,,5.6,1:36,Box
The Counselor,2013,7,5.4,1:57,Box
The Crazies,2010,,6.5,1:41,Drawer
The Crimson Rivers 2,2004,,5.9,1:40,Box
The Crow,1994,10,7.6,1:42,Shelf
The Crow,1994,10,7.6,1:42,
The Dark Knight Rises,2012,6,8.4,2:44,Coffin
The Dark Knigt,2008,7,9,2:32,Coffin 
The day the earth stood still,2008,6,5.5,1:44,Drawer H
The Deal,2008,,5.6,1:40,Box
The death of Charlie Countryman,2013,7,6.4,1:43,Coffin
The Deer Hunter,1978,10,8.1,3:03,Shelf
The Departed,2006,10,8.5,2:31,Shelf
The dicapperance of Alice Creed,2009,8,6.7,1:40,Drawer H
The Dilemma,2011,6,5.3,1:51,
The double,2011,,5.9,1:38,Box
The Duel,2000,,5.9,1:46,Coffin
The Electric Mist,2009,,6.1,1:57,Box
The entitled,2011,5,6.1,1:31,Drawer H
The Expendables,2010,5,6.4,1:44,
The Family Stone,2005,7,6.3,1:43,Drawer H
The Fan,1996,,5.9,1:56,Box
The Fifth Element,1997,8,7.6,2:06,
The Fighter,2010,10,7.8,1:56,Shelf
The Finest Hours,2016,,6.7,1:57,Box
The five year engagement ,2012,8,6.2,2:04,Drawer H
The Flock,2007,7,6.7,1:36,
The Gentlemen,2019,8,7.8,1:53,Coffin
The Ghost Writer,2010,,7.2,2:08,Box
The Gift,2000,,6.7,1:51,Box
The girl next door,2007,9,6.5,1:31,
The Godfather,1972,10,9.2,2:55,Shelf
The Godfather,1972,10,9.2,2:55,
The Godfather II,1974,10,9,3:22,Shelf
The Godfather II,1974,10,9,3:22,
The Godfather III,1990,9,7.6,2:42,Shelf
The Godfather III,1990,9,7.6,2:42,
The golden child,1986,7,6,1:34,Spider
The golden door (falling up),2009,,5.6,1:38,Box
The good girl,2002,7,6.4,1:33,Drawer
The good heart,2009,7,6.8,1:39,Drawer H
The Grand,2007,,5.9,1:44,Box
The Great Gatsby,2013,7,7.2,2:23,Coffin
The Green Mile,1999,8,8.6,3:09,Drawer
The Guardian ,2006,8,6.9,2:19,Drawer H
The Hangover,2009,7,7.7,1:40,Drawer H
The Hangover II,2011,7,6.5,1:42,Drawer H
The Hangover III,2013,6,5.9,1:40,Drawer H
The heartbreak kid,2007,7,5.8,1:56,
The Heavy,2009,5,4.9,1:42,
The Holiday,2006,8,7,2:16,
The Hours,2002,9,7.5,1:50,
The Hunted,2003,6,6.1,1:34,
The Hurricane,1999,8,7.6,2:26,
The Hurt Locker,2008,7,7.5,2:11,
The Ice Harwest,2005,7,6.2,1:32,Drawer
The Iceman ,2012,7,6.8,1:46,Drawer
The Indian Runner,1991,10,7,2:07,Shelf
The Infiltrator,2016,7,7,2:07,
The International,2009,6,6.5,1:58,Drawer H
The interpreter,2005,7,6.4,2:08,Drawer H
The Invasion,2007,6,5.9,1:39,Drawer H
The Italian Job,2003,6,7,1:51,Drawer H
The Joneses,2009,6,6.4,1:36,Drawer
The Judge,2014,,7.4,2:21,Box
The Kids are alright,2010,7,7,1:46,Coffin
The Killer Inside Me,2010,4,6.1,1.49,Coffin
The Kingdom,2007,7,7,1:50,Drawer H
The last castle,2001,,7,2:11,Box
The last king of Scotland,2006,7,7.6,2:03,Drawer
The Last Samurai,2003,8,7.8,2:34,Drawer H
The last seduction,1994,,7,1:50,Box
The long weekend,2005,6,5.2,1:30,
The Lovely Bones,2009,8,6.6,2:15,Drawer
The machinist,2004,7,7.7,1:41,Spider
The Manchurian Canditate,2004,6,6.6,2:09,
The matador,2005,,6.7,1:36,Box
The men who stares at goats,2009,,6.2,1:34,Box
The Merry Gentlemen,2008,6,6.3,1:50,Drawer H
The Messenger,2009,,7.1,1:53,Box
The Mexican,2001,6,6.1,2:03,Drawer H
The motorcycle diaries,2004,,7.7,2:05,Box
The new daughter,2009,4,5.3,1:48,Drawer H
The next three days,2010,6,7.3,2:13,Drawer H
The night we called it a day,2003,,5.8,1:37,Box
The Ninja Mission,1984,,4.1,1:33,
The Ninth Gate,1999,6,6.7,2:13,Drawer H
The numbers station,2013,6,5.6,1:29,Drawer H
The Office,2001,10,8.5,0:30,
The open road,2009,5,5.5,1:30,Coffin
The other bride,2011,,6.1,1:29,Box
The Other Guys,2010,6,6.7,1:47,Drawer H
The passion of the christ,2004,,7.2,2:07,Spider
The Patriot,2000,8,7.2,2:45,Coffin
The Peacemaker,1997,7,6,2:04,Drawer H
The Peanut Butter Falcon,2019,9,7.6,1:37,Coffin
The Perfect Catch Fever Pitch,2005,5,6.2,1:44,
The perfect guy,2015,,5.6,1:40,Box
The Perfect Man,2005,,5.5,1:40,Box
The place beyond the pines,2012,7,7.3,2:20,
The power of few,2013,,5.1,1:36,Box
The Pretty One,2013,,6.3,1:30,Box
The private lives of Pippa Lee,2009,,6.3,1:38,Box
The Prodigy,2005,,5.3,2:00,Box
The Proposal,2009,6,6.7,1:48,
The Punisher,1989,,5.6,1.29,
The Punisher,2004,,6.4,2:04,Box
The pursuit of happyness,2006,7,8,1:57,Drawer
The Ramen Girl,2008,6,6.3,1:42,Drawer H
The Raven,2012,7,6.4,1:50,Drawer H
The Real Omen,2006,,3.2,1:01,
The Revenant,2015,7,8,2:36,Box
The Rocker,2008,6,6.2,1:42,Drawer H
The Romantics,2010,,5,1:35,Box
The rules of attraction,2002,,6.6,1:50,Box
The running man,1987,6,6.7,1:41,Spider
The Scorpion King,2002,,5.5,1:32,Coffin
The sea of trees,2015,5,6.1,1:50,
The secret life of words,2005,7,7.4,1:55,Drawer
The Sessions,2012,,7.2,1:35,Box
The silencing,2020,7,6.3,1:33,
The Sister Brothers,2018,8,6.9,2:02,
The smell of success,2009,,5.2,1:36,Box
The Snowman,2017,7,5.2,1:59,Drawer H
The Social Network,2010,6,7.8,2:00,
The Spirit,2008,5,4.7,1:43,Drawer H
The Station agent,2003,8,7.6,1:29,Spider
The Station agent,2003,8,7.6,1:29,Shelf
The story of Whisky,,4,,,Coffin
The Sum of all Fears,2002,7,6.5,2:04,
The Sweeny,2012,,6.1,1:53,Box
The switch,2010,6,6.1,1:41,
The taking of Pelham 123,2009,,6.4,1.46,Coffin
The Talented Mr. Ripley,1999,,7.4,2:19,
The Terminal,2004,8,7.4,2:08,Coffin 
The Thin red line,1998,,7.6,2:50,Box
The To Do List,2013,6,5.8,1:44,Coffin 
The tourist,2010,6,6,1:43,
The Town,2010,8,7.5,2:05,Shelf
The Traveler,2010,,4.2,1:36,Box
The truth about Charlie,2002,,4.7,1:44,Box
The ugly truth,2009,6,6.4,1:36,
The Unsaid,2001,6,6.6,1:51,Drawer H
The upside of anger,2005,6,6.8,1:58,
The usual suspects,1995,9,8.5,1:46,
The Village,2004,,6.5,1:48,spider
The Visitation,2006,5,5.1,1:43,
The walker,2007,,5.8,1:48,Box
The watcher,2000,7,5.3,1:37,Drawer H
The watcher (the cry of the owl),2009,6,5.9,1:40,Drawer H
The whole ten yards,2004,,5.5,1:38,
The Wolf of Wall Street ,2013,7,8.2,3:02,Drawer H
The Wrestler,2008,7,7.9,1:49,
The Yards,2000,7,6.4,1:55,Drawer H
Then she found me,2007,,5.9,1:40,
Therese D,2012,4,6.1,1:50,
Think like a man too,2014,,5.7,1:46,Box
Thirteen Days,2000,6,7.3,2:25,
This is 40,2012,8,6.2,2:12,Drawer H
This must be the place,2011,8,6.7,1:58,Drawer
"Three billboards outside ebbing, missouri",2017,8,8.1,1:55,
Thriller,1973,,6.4,1:47,Coffin
Till varje pris,1995,7,6.8,1:46,
Tiptoes,2002,,4.2,1:30,Box
To the wonder,2012,,5.8,1:52,Box
Tomb Raider,2018,6,6.3,1:59,Drawer H
Tomorrow when the war began,2010,,6.1,1:44,Box
Too young to die,1990,9,5.9,1:32,Drawer
Top Gun,1986,8,6.9,1:49,
Touchback,2011,7,6.5,1:58,Drawer
Traffic,2000,9,7.6,2:27,Shelf
Trailer Park Boys Coundown to Liquor Day,2009,10,7.3,1:42,
Trailer Park Boys Season 1-7,2001,10,8.5,0:30,
Trailer Park Boys X-mas special,2004,10,8,0:57,
Training Day,2001,7,7.7,2:02,
Trainspotting,1996,8,8.1,1:33,Spider
Transporter,2002,,6.8,1:32,Spider
Transporter 2,2005,,6.3,1:27,Spider
Trespass,2011,7,5.3,1:31,
Trespass against us,2016,6,5.8,1:39,Drawer H
Tretton,2003,9,6.8,1:40,Shelf
Triple 9,2016,,6.3,1:55,Box
Troja,2004,6,7.3,2:43,
Trouble in LA,2010,8,5,1:40,Drawer
Trouble with the curve,2012,8,6.8,1:51,Drawer
True Gun,2011,,4.5,1:37,Coffin
True Romance,1993,10,7.9,1:59,Shelf
True Romance,1993,10,7.9,1:59,
Trust the man,2005,5,5.7,1:43,
Tsotsi,2005,6,7.2,1:34,Drawer
Tully,2018,5,6.9,1:35,
Twelfth Night,1996,,7.1,2:14,
Twin Peaks,1990,10,8,0:50,Coffin
Two for the money,2005,5,6.3,2:02,Spider
Two lovers,2008,6,7,1:50,Drawer H
Unbroken,2014,,7.2,2:17,Drawer
Uncertainty,2008,6,5.7,1:41,Drawer H
Undefeated,2003,7,5.2,1:32,Drawer H
Underworld,2003,,7,2:01,Spider
Unforgiven,1992,7,8.2,2:10,Box
Unit 7,2012,,6.5,1:36,Box
United 93,2006,,7.6,1:51,Box
Unthinkable,2010,,7,1:37,Box
Up in the air,2009,7,7.4,1:49,Drawer H
Uppdrag Makt,2009,6,6.1,1:43,Drawer
V för Vendetta,2005,7,8.1,2:12,
Vacation,2015,,6.2,1:39,Box
Vägen,2009,7,7.2,1:51,
Valentines Day,2010,6,5.7,2:05,Shelf
Vantage Point,2008,,6.6,1:30,Box
Världen räcker inte till,1999,,6.4,2:08,Coffin
Veronika bestämmer sig för att dö,2009,5,6.3,1:43,
Very bad things,1998,,6.3,1:40,Box
Vice,2018,8,7.2,2:12,
Vicky Christina Barcelona,2008,10,7.1,1:36,Shelf
View from the top,2003,5,5.3,1:27,Drawer H
Virginia,2010,,5.4,1:51,Box
Virus,1999,,5,1:39,
Vulgar,2000,,5.3,1:27,Coffin
Waking up in Reno,2002,6,5.5,1:31,Drawer
Walk Hard the Dewey Cox story,2007,7,6.8,1:36,Drawer H
Walk the line,2005,9,7.8,2:16,Shelf
Walk the line,2005,9,7.8,2:16,Spider
Walking Tall,2004,,6.2,1:26,
Wanderlust,2012,7,5.6,1:38,Drawer H
Wanted,2008,5,6.7,1:50,Drawer H
War of the Worlds ,2005,6,6.6,1:57,Drawer H
Way of the gun,2000,7,6.6,1:59,Drawer H
We dont live here any more,2004,,6.2,1:41,Box
We were soliders,2002,,7.2,2:18,
We're the Millers,2013,7,7,1:50,
Wedding crashers,2005,7,7,1:59,
Welcome to the Rileys,2010,10,7,1:50,Shelf
What doesnt kill you,2008,6,6.5,1:40,Drawer H
What happpens in Vegas,2008,7,6.1,1:39,Drawer H
What just happened,2008,,5.6,1:44,Box
What lies beneath,2000,7,6.6,2:10,
What to expect,2012,6,5.7,1:50,Drawer H
What's your number,2011,6,6,1:46,Drawer
Whatever Lola Wants,2007,7,6.4,1:55,Drawer
When a man loves a woman,1994,,6.6,2:06,
Whiskey Tango Foxtrot,2016,,6.6,1:52,Box
White heaven in hell,1974,,7.3,1:23,
White Oleander,2002,8,7.1,1:49,
Wild at heart,1990,9,7.2,2:05,Shelf
Wild in the Country,1961,4,6.3,1:54,Coffin
Wild Rose,2018,10,7.1,1:41,Drawer H
Wild target,2010,,6.7,1:38,Box
Wimbledon,2004,9,6.3,1:38,
Wonder land,2003,6,6.6,1:44,spider
Wonderfalls,2004,10,8.4,1:00,Shelf
Woodlawn,2015,,6.5,2:03,Box
World Trade Center,2006,8,6,2:09,
World War Z,2013,5,7,1:56,Drawer H
Wyat Earp,1994,9,6.7,3:11,Shelf 
X-men,2000,6,7.4,1:44,spider
X-men 2,2006,4,6.7,2:14,spider
X-men The Last Stand,2006,4,6.7,1:44,Coffin
Yonkers Joe,2008,7,6.3,1:41,Drawer
You don't mess with the Zohan,2008,,5.6,1:53,Box
You kill me,2007,7,6.4,1:33,Drawer H
"You, me and Dupree",2006,5,5.6,1:50,Drawer H
Young Adult,2011,7,6.3,1:34,Drawer H
Zack and Miri make a porno,2008,10,6.5,1:41,Shelf
Zero Dark Thirty,2012,,7.4,2:37,Drawer
Zombieland,2009,6,7.6,1:28,
Zoolander,2001,6,6.5,1:30,
John Wick 2,2017,,7.4,2:02,
Palm Springs,2020,,7.4,1:30,
The Master,2012,,7.1,2:18,
Scoop,2006,,6.6,1:36,Shelf
The Prestige,2006,,8.5,2:10,
Frozen River,2008,10,7.1,1:37,